"","diff","lwr","upr","p adj"
"27c:23-23c:23",-0.247314086768396,-0.438501041695935,-0.0561271318408569,0.008509202540538
"23c:27-23c:23",0.112670106968745,-0.0785168479587945,0.303857061896284,0.375153918940423
"27c:27-23c:23",0.0955264460502893,-0.0956605088772498,0.286713400977828,0.514689926256939
"23c:27-27c:23",0.35998419373714,0.168797238809601,0.55117114866468,0.000201534225219291
"27c:27-27c:23",0.342840532818685,0.151653577891146,0.534027487746224,0.000354929042343688
"27c:27-23c:27",-0.0171436609184553,-0.208330615845994,0.174043294009084,0.994268917998344
